Bedroom,Bathroom,Address,Price
2,2.0,"3985 Grand Park Drive, 3985 Grand Park Dr, Mississauga, ON L5B 0H8, Canada","$2,450.00"
1,1.0,"361 Front St W, Toronto, ON M5V 3R5, Canada","$2,150.00"
1,1.0,"89 McGill Street, Toronto, ON, M5B 0B1","$1,950.00"
2,2.0,"10 York Street, Toronto, ON, M5J 0E1","$2,900.00"
1,1.0,"80 St Patrick St, Toronto, ON M5T 2X6, Canada","$1,800.00"
1,1.0,"87 Jameson Avenue, Toronto, ON, M6K 2W8","$1,729.00"
2,1.0,"700  Ross Street, Burlington, ON, L7S 1S2","$1,685.00"
1,1.0,"25 Telegram Mews, Toronto, ON, M5V 3Z2","$1,900.00"
1,1.0,"560 Front St W, toronto, ON, M5V 0L5","$1,900.00"
1,1.0,"70 Queens Wharf Rd 33rd Floor, Toronto, ON M5V 0J2, Canada","$2,400.00"
1,1.0,"545 - 555  Sherbourne Street, Toronto, ON, M4X 1W5","$1,750.00"
2,1.0,"545 - 555  Sherbourne Street, Toronto, ON, M4X 1W5","$2,000.00"
1,1.0,"555 Yonge St, Toronto, ON M4Y 3A6, Canada","$2,200.00"
1,1.0,"M5J, Canada","$2,350.00"
1,1.0,"295 Adelaide St W, Toronto, ON M5V 0L4, Canada","$2,650.00"
1,1.0,"191 - 201 Sherbourne, Toronto, ON, M5A 3X2","$1,799.00"
2,2.0,"11 Brunel Ct, Toronto, ON M5V 3Y3, Canada","$3,150.00"
2,2.0,"12 Yonge St, Toronto, ON M5E 1Z9, Canada","$3,200.00"
1,1.0,"438 Richmond St W, Toronto, ON M5V 1X9, Canada","$2,500.00"
1,1.0,"12 York St, Toronto, ON M5J 2Z2, Canada","$2,400.00"
1,1.0,"7934 Kipling Ave, Woodbridge, ON L4L 1Z5, Canada","$1,750.00"
2,2.0,"York St, Toronto, ON M5J 2Z2, Canada","$3,100.00"
2,2.0,"10 Park Lawn Rd, Etobicoke, ON M8Y 3K4, Canada","$2,999.00"
1,1.0,", Toronto M3H4Z2 ON, Canada","$1,250.00"
1,1.0,"33 Gamble Ave, East York, ON M4K 2H5, Canada","$1,825.00"
1,1.0,"9 George St N, Brampton, ON L6X 0T6, Canada","$1,900.00"
2,1.0,"33 Gamble Ave, East York, ON M4K 2H5, Canada","$2,245.00"
1,1.0,"10 York Street, Toronto, ON, M5J 0E1","$2,200.00"
1,1.0,"126 Simcoe str, Toronto Downtown M5V 1T8 ON","$2,299.00"
1,1.0,"28 Linden Street, Toronto, ON, M4Y 0A4","$1,950.00"
1,1.0,"832 Bay St, Toronto, ON M5S 1Z6, Canada","$2,250.00"
2,1.5,"1375 Stephenson Dr Unit 24, Burlington, ON L7S 2M5, Canada","$2,000.00"
2,2.0,"70 Temperance St, Toronto, ON M5H 0B1, Canada","$2,800.00"
1,1.0,"70 Temperance St, Toronto, ON M5H 0B1, Canada","$1,900.00"
1,1.0,"Downtown Port Credit, Mississauga, ON, L5G 1G4","$1,727.00"
2,1.0,"200 Dufferin Street, Toronto, ON, M6K 1Z4","$2,230.00"
1,1.0,"392 Sherbourne Street, Toronto, ON, M4X 1K3","$1,785.00"
2,2.0,"290 Adelaide St W, Toronto, ON M5V 1P6, Canada","$2,350.00"
1,1.0,"200 Dufferin Street, Toronto, ON, M6K 1Z4","$1,475.00"
1,1.0,"36 Maitland Street, Toronto, ON, M4Y 1C5","$1,815.00"
1,1.0,"15 Merchants Wharf, Toronto, ON, M5A 0N8","$2,450.00"
1,1.0,"105 George St, Toronto, ON M5A 0L4, Canada","$2,200.00"
2,1.0,"Dunlop St E, Whitby, ON L1N, Canada","$1,350.00"
1,1.0,"224 King St W, Toronto, ON, M5H 0A6","$2,400.00"
1,1.0,"11 Brunel Ct, Toronto, ON M5V 3Y3, Canada","$2,424.00"
1,1.0,"565 Sherbourne Street, Toronto, ON, M4X 1W5","$1,700.00"
1,1.0,"171 Main Street North, Brampton, ON, L6X 0H4","$1,500.00"
1,1.0,"318 Richmond St W, Toronto, ON M5V 0B4, Canada","$2,550.00"
2,1.0,"171 Main Street North, Brampton, ON, L6X 0H4","$1,775.00"
1,1.0,"Enterprise Blvd, Markham, ON, Canada","$1,750.00"
1,1.0,"100 Harbour St, Toronto, ON M5J 1B7, Canada","$1,830.00"
1,1.0,"28 Wellesley Street East, M4Y 0C4, Toronto, ON","$2,000.00"
2,1.0,"2548 Eglinton Ave W, M6M 1T1, Toronto, ON","$1,850.00"
2,1.0,"101 Sheridan Ave, Toronto, ON M6K 2G8, Canada","$1,300.00"
1,1.0,"33 Bay St, Toronto, ON M5J 2Z3, Canada","$2,275.00"
2,1.0,"Port Hope, ON, Canada","$1,595.00"
1,2.0,"10 Capreol Ct, Toronto, ON M5V 4B3, Canada","$2,500.00"
2,2.0,"235 Sherway Gardens Rd, Etobicoke, ON M9C 0A2, Canada","$2,380.00"
1,1.0,"14 York St, Toronto, ON M5J 0B1, Canada","$2,000.00"
2,1.0,"295 Dufferin St., Toronto, ON, M6K 1Z6","$2,574.00"
1,1.0,"51 Guestville Ave, York, ON M6N 4N1, Canada","$1,295.00"
1,1.0,"89 Chestnut St, Toronto, ON M5G 1R1, Canada",$550.00
2,2.0,"Front St W, Toronto, ON M5V 3S8, Canada","$3,200.00"
2,2.0,"220 Victoria St, Toronto, ON M5B 2R6, Canada","$3,099.00"
2,2.0,"28 Wellesley St E, Toronto, ON M4Y, Canada","$3,700.00"
2,2.0,"Temperance St, Toronto, ON M5H 0B1, Canada","$3,000.00"
2,1.0,", Toronto M5J 0B8 ON, Canada","$1,500.00"
2,2.0,"170 Bayview Ave, Toronto, ON M5A 0G4, Canada","$2,999.00"
1,1.0,"125 Western Battey st, M6k 3s2, Toronto, ON","$2,100.00"
2,1.0,"2386  New Street, Burlington, ON, L7R 1J7","$1,775.00"
3,1.5,"2304  Weston Road, Toronto, ON, M9N 1Z3","$2,050.00"
1,1.0,"2304  Weston Road, Toronto, ON, M9N 1Z3","$1,525.00"
2,1.0,"2304  Weston Road, Toronto, ON, M9N 1Z3","$1,799.00"
2,1.0,"1275  Brant St, Burlington, ON, L7P 1X7","$1,875.00"
1,1.0,"50 Charles St E, Toronto, ON M4Y 1T1, Canada","$2,000.00"
1,1.0,"87 Peter St, Toronto, ON M5V 0P1, Canada","$2,100.00"
2,2.0,"120 Homewood Ave, Toronto, ON M4Y 1J3, Canada","$4,100.00"
1,1.0,", M5G2E8, Toronto, ON","$1,200.00"
2,2.0,"m1s0l7, Canada","$2,184.00"
2,2.0,"2155 Burnhamthorpe Rd W, Mississauga, ON L5L 5P4, Canada","$2,350.00"
1,1.0,"3525 Kariya Dr, Mississauga, ON L5B 0C1, Canada","$1,900.00"
1,1.0,"M4L1G3, Canada","$1,100.00"
1,1.0,"Water Walk Dr, Markham, ON L3R, Canada","$1,800.00"
1,1.0,"52 Sumach St, Toronto, ON M5A 3J7, Canada","$3,200.00"
1,1.0,", DOWNTOWN M5V 4A9 ON, Canada","$2,100.00"
1,1.0,"460 Adelaide St E, Toronto, ON, M4V 1K6","$2,480.00"
1,1.0,"1 The Esplanade, Toronto, ON, M5E 0A8","$3,000.00"
1,1.0,"560 King St W, Toronto, ON, M4V 1K6","$2,250.00"
1,1.0,"290 Adelaide Street West, Toronto, ON, M5V 1P6","$1,850.00"
1,1.0,"101 Charles St, TORONTO, ON, M4Y 1V2","$535,000.00"
2,2.0,"1 The Esplanade, Toronto, ON, M5E 0A8","$3,400.00"
1,1.0,"1 SHAW ST, TORONTO, ON, M6K 0A1","$2,180.00"
1,1.0,"The Uptown Residences, 35 Balmuto St, Toronto, ON M4Y 0A3, Canada","$2,550.00"
1,1.0,", L3R9X3, markham, ON","$1,900.00"
1,1.0,", L6G0G3, markham, ON","$1,800.00"
1,1.0,"70 Queens Wharf Rd, Toronto, ON M5V 0E4, Canada","$2,300.00"
1,1.0,"365 Church St, Toronto, ON M5B 1Z9, Canada","$2,250.00"
1,1.0,"88 Scott St, Toronto, ON M5E 1X6, Canada","$1,900.00"
1,1.0,"28 Church St W, Acton, ON L7J 1X4, Canada","$1,175.00"
2,2.0,"8081 Birchmount Rd, Markham, ON L6G 1B3, Canada","$2,300.00"
1,1.0,"255 Richmond St E, Toronto, ON M5A 4T7, Canada","$2,000.00"
1,1.0,"1512 Dufferin Street, M6H3L4, Toronto, ON","$1,650.00"
2,1.0,"170 Sudbury St, Toronto, ON M6J 0A9, Canada","$2,889.00"
2,2.0,"89 McGill St, Toronto, ON M5B 1H3, Canada","$2,800.00"
1,1.0,"# Dundas st w, Denison ave and Dundas st w M5T 2N3 ON, Canada","$1,300.00"
2,1.0,"211 Simcoe St S, Oshawa, ON L1H 4H2, Canada","$1,250.00"
1,1.0,"M6J1T8, Canada","$1,300.00"
1,1.0,"70 Queens Wharf Rd, Toronto, ON M5V 0J2, Canada","$2,400.00"
1,1.0,"89 McGill St, Toronto, ON M5B 1H3, Canada","$2,000.00"
1,1.0,"424 Yonge Street, Toronto, ON, M5B 2H3","$2,450.00"
2,2.0,"424 Yonge Street, Toronto, ON, M5B 2H3","$3,450.00"
1,1.0,"386 Yonge St, Toronto, ON M5G 2K2, Canada","$2,350.00"
2,2.0,", toronto M5B1E4 ON, Canada","$2,900.00"
1,1.0,", Mississauga L5B 0G6 ON, Canada","$2,200.00"
1,1.0,"87 PETER ST, M5V0P1, TORONTO, ON","$1,850.00"
1,1.0,", Mississauga  L5H3B2 ON, Canada","$2,150.00"
1,1.0,"120 Bayview Ave., M5A 0G4, Toronto, ON","$1,900.00"
1,1.0,"51 E Liberty St, Toronto M6K 3P8 ON","$2,200.00"
3,2.0,"M5B0A5, Canada","$4,000.00"
3,2.0,", M5V 2G4, Toronto, ON","$3,200.00"
1,1.0,"300 Front St W, M5E 0E9, Toronto, ON","$2,500.00"
1,1.5,"k , Toronto m8v 2t8 ON, Canada","$1,200.00"
1,1.0,", Toronto m5e0a8 ON","$2,600.00"
1,1.0,"Iceboat Terr, Toronto, ON M5V 4A9, Canada","$1,750.00"
2,2.0,"101 Charles St E, Toronto, ON M4Y 0A9, Canada","$3,575.00"
2,1.0,"75 Queens Wharf Rd, Toronto, ON M5V 0J8, Canada","$3,200.00"
2,1.0,"87 Peter St, Toronto, ON M5V 0P1, Canada","$2,500.00"
1,1.0,"87 Peter Street, Toronto, ON, M5V 0P1","$2,100.00"
1,1.0,"455 Maple Ave, Burlington, ON, L7S 1M1","$1,575.00"
1,1.0,"44 St Joseph Street, Toronto, ON, M4Y 2W4","$2,400.00"
1,2.0,", North York M2j0a9 ON, Canada","$2,000.00"
2,2.0,"540 Sherbourne St, Toronto, ON M4X 1L2, Canada","$2,000.00"
1,1.0,"540 Sherbourne St, Toronto, ON M4X 1L2, Canada","$1,650.00"
2,1.5,"63 Drew St, Oshawa, ON L1H 5A2, Canada","$1,250.00"
1,2.0,", Mississauga L5B4M2 ON, Canada","$2,150.00"
1,1.0,"150 Fairview Mall Dr, North York, ON M2J 2Z2, Canada","$1,600.00"
3,1.5,"19 Sudbury St, Toronto, ON M6J 3W6, Canada","$3,450.00"
1,1.0,"One King Street West, 1 King St W, Toronto, ON M5H 1A1, Canada","$2,950.00"
2,1.0,"63 Drew St, Oshawa, ON L1H 5A2, Canada","$1,350.00"
2,1.0,"333 Adelaide St E, Toronto, ON M5A 4V1, Canada","$2,550.00"
1,1.0,"600 Queens Quay W, Toronto, ON M5V 3M3, Canada","$1,900.00"
1,1.0,", Toronto m8v0b2 ON, Canada","$2,450.00"
1,1.0,"38 Grenville, TORONTO M4Y1A5 ON","$2,500.00"
1,1.0,", Toronto M5J 2H2 ON, Canada","$2,800.00"
1,1.0,"111 Upper Duke, Makrham L6G0C6 ON","$1,600.00"
1,1.0,"200 Sackville St, Toronto, ON M5A 3H1, Canada","$2,099.00"
1,1.0,"424 Adelaide St E, Toronto, ON M5A 1N4, Canada","$2,350.00"
1,1.0,"320 Lonsdale Road, Toronto, ON, M4V 1X4","$1,617.00"
2,1.0,"86 Park Rd S, Oshawa, ON L1J 4G9, Canada","$1,500.00"
1,1.0,"80 Kensington Ave, Toronto, ON M5T 1M1, Canada","$1,750.00"
1,1.0,"Peter St, Toronto, ON M5V 0P1, Canada","$2,100.00"
2,2.0,"39 Upper Duke Cres., L6G 0B8, Markham, ON","$2,150.00"
2,2.0,"M5J2Z2, Canada","$2,800.00"
1,1.0,"96 St Patrick St, Toronto, ON M5T 1V2, Canada","$2,480.00"
1,1.0,"24 Wellesley St W, Toronto, ON M4Y 2X6, Canada","$2,500.00"
2,1.0,"375 King St W, Toronto, ON M5V 1K1, Canada","$1,900.00"
2,2.0,"8 Wellesley St E, Toronto, ON M4Y 3B2, Canada","$3,300.00"
1,1.0,", Markham L6G1B3 ON, Canada","$1,700.00"
2,2.0,", Toronto M5G 0A6 ON, Canada","$2,950.00"
2,2.0,"5 Sheppard Ave E, Toronto, ON, M2N 2Z8","$3,000.00"
1,1.0,"60 Colborne St, Toronto, ON, M5E 1E3","$2,200.00"
2,2.0,"3895 Grand Park Dr, Mississauga, ON L5B 4L6, Canada","$2,300.00"
1,1.0,"170 Bayview Ave, Toronto, ON, M5A 0M4","$2,200.00"
1,1.0,"460 Adelaide St E, Toronto, ON, M5A 1N4","$2,450.00"
1,1.0,"730 Dovercourt Road, Toronto, ON, M6H 2W9","$1,857.00"
1,1.0,"4190 Bathurst Street, Toronto, ON, M3H 3P9","$1,817.00"
1,1.0,"4866 Bathurst Street, Toronto, ON, M2R 1X4","$1,717.00"
2,1.0,"4866 Bathurst Street, Toronto, ON, M2R 1X4","$2,017.00"
2,1.0,"4190 Bathurst Street, Toronto, ON, M3H 3P9","$2,177.00"
1,1.0,"357 Rusholme Road, Toronto, ON, M6H 2Z4","$1,857.00"
1,1.0,"323 Rusholme Road, Toronto, ON, M6H 2Z2","$1,757.00"
1,1.0,"1650 Sheppard Avenue East, Toronto, ON, M2J 1V3","$1,927.00"
1,1.5,"6210 Main St, Whitchurch-Stouffville, ON L4A 2S5, Canada","$1,800.00"
1,1.0,"Toronto, ON, Canada, m4k3p6","$2,000.00"
1,1.0,"M5V3Z7, Canada","$2,350.00"
1,1.0,"Bay st and college st, Toronto M5G 2C8 ON, Canada",$750.00
1,1.0,"88 Scott St, M5E 0A9, Toronto, ON","$1,850.00"
2,1.0,"Homewood Ave, Toronto, ON M4Y 2X4, Canada","$2,100.00"
1,1.0,", Toronto M5Y2T4 ON, Canada","$2,800.00"
2,2.0,"Ultra Ovation, 330 Burnhamthorpe Rd W, Mississauga, ON L5B 0E1, Canada","$2,450.00"
3,2.0,"85 Queens Wharf Rd, Toronto, ON M5V 0J9, Canada","$3,500.00"
1,1.0,"435 Richmond St W, Toronto, ON M5V 1X9, Canada","$2,700.00"
1,1.0,"26 Western Battery Rd, Toronto, ON M6K 3P1, Canada","$2,250.00"
2,2.0,"12 Sudbury St, Toronto, ON M6J, Canada","$3,200.00"
1,1.0,"224 King St W, Toronto, ON M5H 0A6, Canada","$2,400.00"
1,1.5,", markham l3r1l5 ON, Canada","$1,850.00"
2,1.0,"44 Bond St W, Oshawa, ON L1G 6R2, Canada","$1,450.00"
1,1.0,"96 St Patrick Street, Toronto, ON, M5T 1V2","$2,099.00"
3,2.0,"20 Graydon Hall Drive, Toronto, ON, M3A 2Z9","$2,000.00"
1,1.0,"352 Front St W, Toronto, ON, M5V 1B5","$2,300.00"
1,1.0,", Toronto M5H1A1 ON, Canada","$2,200.00"
1,1.5,"89 McGill St, Toronto, ON M5B 1H3, Canada","$2,300.00"
1,1.0,"85 Hamilton St, Toronto, ON M4M 2C7, Canada","$2,500.00"
2,2.0,"York Street, M5J 0E1, Toronto, ON","$3,200.00"
1,1.0,"l5m6j5, Canada","$2,499.00"
2,2.0,"18 Yonge St, Toronto, ON M5E 1Z8, Canada","$3,000.00"
1,2.0,"455 Front St E, Toronto, ON M5A 0G2, Canada","$2,300.00"
1,1.0,"365 Church St Unit 2005, Toronto, ON M5B 0B5, Canada","$1,850.00"
1,2.0,"70 Temperance St, Toronto, ON M5H 0B1, Canada","$2,800.00"
1,1.0,"Isabella St, Toronto, ON, Canada","$1,195.00"
1,1.0,"105 Allan St, Oakville, ON L6J 3N2, Canada","$1,350.00"
1,1.0,"74 John St W, Bradford, ON L3Z, Canada","$1,100.00"
2,1.0,"2087 Duberry Dr, Pickering, ON L1X 1Y7, Canada","$1,730.00"
1,1.0,"91,140,146 Jameson Avenue, Toronto, ON, M6K 2W8","$1,429.00"
1,1.0,"Lower Simcoe St, Toronto, ON M5J 3A6, Canada","$2,400.00"
1,1.0,", M5S 3K4, Toronto, ON","$2,200.00"
1,1.0,"4070 Confederation Pkwy, Mississauga, ON L5B 0E9, Canada","$1,850.00"
1,1.0,"Toronto, ON M5H4E6, Canada","$2,400.00"
1,1.0,"685 Danforth Ave, Toronto, ON M4J 1L2, Canada","$1,300.00"
1,1.0,"88 Harbour St, Toronto, ON M5J 0C3, Canada","$2,600.00"
1,1.0,"57 Charles Street West, Toronto, ON, M4Y 1R9","$2,410.00"
2,1.0,"57 Charles Street West, Toronto, ON, M4Y 1R9","$2,915.00"
2,1.0,"3620 Kaneff Crescent, Mississauga, ON, L5A 3X1","$1,700.00"
2,2.0,"10 Lisa Street, Brampton, ON, L6T 4N4","$1,780.00"
1,1.0,"20 Joe Shuster Way, Toronto, ON M6K 0A3, Canada","$2,200.00"
1,1.5,"Bradford, Bradford West Gwillimbury, ON, Canada, L3Z1A2",$925.00
1,1.0,"87 Peter St, Toronto, ON M5V 2G4, Canada","$2,150.00"
1,1.0,"3985 Grand Park Drive, 3985 Grand Park Dr, Mississauga, ON L5B 0H8, Canada","$1,950.00"
1,1.0,"430 Pearl St, Burlington, ON L7R 4J8, Canada","$2,200.00"
2,2.0,", Toronto M5B1L4 ON, Canada","$2,800.00"
1,1.0,"25 c, t M5B 1L4 ON, Canada","$2,000.00"
1,1.0,", Burlington L7S 1H7 ON, Canada","$1,375.00"
1,1.0,"7 Concorde Pl, M3C 3n4, Toronto, ON","$1,850.00"
1,1.0,"269 Ontario St, Toronto M5A 2V6 ON","$1,380.00"
1,1.0,"Downtown Toronto, Canada","$2,500.00"
1,1.0,", downtown toronto M5B2E8 ON, Canada","$2,300.00"
2,1.0,", M5J 3A3, Toronto, ON, Canada","$1,180.00"
1,1.0,"19 Grand Trunk Crescent, Toronto, ON M5J 3A3, Canada","$2,650.00"
2,1.0,"49 Boon Ave, Toronto, ON M6E 3Z2, Canada","$2,000.00"
1,1.0,"32 Trolley Cres, M5A 0E8, Toronto, ON","$2,450.00"
1,1.0,"2255 Weston Road, Toronto, ON, M9N 1X9","$1,520.00"
1,1.0,"89  Isabella Street, Toronto, ON, M4Y 1N8","$1,750.00"
2,1.0,"56 annie craig drive, m8v0a5, toronto, ON","$2,550.00"
2,2.0,"77 Maitland Pl, Toronto, ON M4Y 2V6, Canada","$3,200.00"
1,1.0,", Toronto M5X 1K2 ON, Canada","$1,300.00"
1,1.0,"14 York St, M5J 0B1, Toronto, ON","$2,050.00"
1,1.0,"151 Upper Duke Crescent, Unionville, ON L6G 0B6, Canada","$1,900.00"
1,1.0,"1 King St W, Toronto, ON M5H 1A1, Canada","$2,750.00"
1,1.0,"100 Wellesley St E, Toronto, ON M4Y 1H5, Canada","$1,795.00"
1,1.0,"111 St Clair Ave W, Toronto, ON M4V 1N5, Canada","$1,950.00"
2,1.0,"146 Dufferin St, Orangeville, ON L9W 1X2, Canada","$1,790.00"
1,1.0,"112 George St, Toronto, ON M5A 2M5, Canada","$2,450.00"
1,1.0,"8 York St 1701 Toronto   Ontario, M5J2Y2, toronto, ON","$1,830.00"
1,1.0,"41 SANTINA ST , VAUGHAN L4H2M1 ON","$2,400.00"
1,1.0,", Toronto M5J2Z3 ON, Canada","$1,600.00"
2,1.0,"55 Regent Park Blvd, Toronto, ON M5A 2B7, Canada","$1,600.00"
1,1.5,"111 Elizabeth St, Toronto, ON M5G 1P7, Canada","$2,800.00"
1,1.0,"235 Bloor Street East, Toronto, ON, M4W 3Y3","$1,970.00"
1,1.0,"1918 Faylee Crescent, Pickering, ON L1V 2V6, Canada","$1,250.00"
1,1.0,"460 Adelaide St E, Toronto, ON M5A 1N4, Canada","$2,000.00"
2,2.0,", Markham and Whitby L3S 3g2 ON","$2,500.00"
1,1.0,"111 Carlton St, Toronto, ON M5B 2G3, Canada","$1,305.00"
1,1.0,"1 The Esplanade, Toronto, ON M5E 0A8, Canada","$2,600.00"
1,1.0,"155 Yorkville Ave, Toronto, ON M5R 1C4, Canada","$1,900.00"
1,1.0,"Bremner Blvd, Toronto, ON M5J 0A6, Canada","$2,200.00"
1,1.0,"3600 Highway 7, L4L 0G7, Vaughan, ON","$1,950.00"
1,1.0,"10 Park Lawn Rd., M8Y 3K4, Etobicoke, ON","$1,950.00"
2,2.0,"77 Carlton St, Toronto, ON M5B 2J7, Canada","$4,000.00"
1,1.0,"75 Portland St, Toronto, ON M5V 2M9, Canada","$2,700.00"
1,1.0,"6 Bralorne Crescent, M6S4R2, toronto, ON","$1,100.00"
1,1.0,", M5b2e8, Toronto, ON","$1,000.00"
2,2.0,"2910 Hwy 7, Concord, ON L4K 2M7, Canada","$2,500.00"
1,1.0,"5 Mariner Terr, Toronto M5V 3V6 ON","$2,600.00"
1,1.0,"120 Bayview Ave., l4n6e1, Toronto, ON","$2,250.00"
1,1.0,"210 Simcoe St, Toronto, ON M5T 0A9, Canada","$2,400.00"
2,1.0,"620 Lolita Gardens, Mississauga, ON, L5A 3K7","$1,850.00"
2,1.0,"125 Railroad St, Brampton, ON, L6X 1H1","$1,350.00"
1,1.0,"87 Peter st, M5v2g4, Downtown Toronto, ON","$2,050.00"
1,2.0,"525 Adelaide Street West, Toronto, ON, M5V 0N7","$2,650.00"
1,1.0,"m1g2a8, Canada","$1,860.00"
3,2.0,"620 Lolita Gardens, Mississauga, ON, L5A 3K7","$2,100.00"
3,2.0,"M5V1Z5, Canada","$3,900.00"
1,1.0,"352 Front St W, M5V1B5, TORONTO, ON","$2,100.00"
2,1.0,"90 Jameson Avenue, Toronto, ON, M6K 2W8","$1,779.00"
1,1.0,"169 Jameson Avenue, Toronto, ON, M6K 2W8","$1,929.00"
1,1.0,", toronto M5B 1Z8 ON, Canada","$2,000.00"
2,2.0,"1201 North Shore Blvd East, L7S1Z5, Burlington, ON","$3,200.00"
2,2.0,"14 Thorburn, M6K1C5, Toronto, ON","$2,800.00"
1,1.0,", Toronto M8W 3J1 ON, Canada","$1,750.00"
1,1.0,", Between YongeBloor, ChurchWellesley M4Y 2L2 ON, Canada","$1,568.00"
1,1.0,"409 Huron St, Toronto, ON M5S 2S5, Canada","$1,200.00"
2,2.0,"2089 Fairview St, Burlington, ON L7R 2C8, Canada","$2,200.00"
2,2.0,"30 Grand Trunk Crescent, Toronto, ON M5J 3A4, Canada","$3,150.00"
1,1.0,", Toronto M5V1K4 ON, Canada","$1,600.00"
1,1.0,", M6G1S2, Downtown Toronto (Christie/Bloor), ON","$1,500.00"
1,1.0,"2895 Bathurst Street, Toronto, ON, M6B 3A8","$1,750.00"
2,2.0,"8 Mercer Street, M5V0C4, Toronto, ON","$3,100.00"
1,1.0,"M5V3S2, Canada","$2,950.00"
3,1.0,", L2E3R4, Niagara, ON","$1,350.00"
1,1.0,", Toronto M5V3P6 ON, Canada","$1,300.00"
2,2.0,"55 Regent Park Blvd, Toronto, ON M5A 2B7, Canada","$2,600.00"
2,2.0,"3601 Highway 7 E, L6G 0E1, Markham, ON","$2,300.00"
1,1.0,"454 Yonge Street, M4Y 1W9, Toronto, ON","$2,200.00"
1,2.0,", DOWNTOWN M5V 4A9 ON, Canada","$3,600.00"
1,1.0,"21 Balmuto St, Toronto, ON M4Y 1W4, Canada","$2,050.00"
1,1.0,"40 Earl St, Toronto, ON M4Y 1M3, Canada","$1,600.00"
1,1.0,"230 Queens Quay West, Toronto, ON, M5J 2Y7","$2,300.00"
1,1.0,"38 Howard Park Ave, Toronto, ON M6R 0A7, Canada","$2,250.00"
2,2.0,"21 Nelson St, Toronto, ON M5V 3H9, Canada","$4,050.00"
1,1.0,"845 Glencairn Ave, North York, ON M6B 2A4, Canada",$850.00
1,1.0,"633 Bay St, Toronto, ON M5G 2G4, Canada","$2,000.00"
3,2.0,"25 Lower Simcoe St, Toronto, ON M5J 3A1, Canada","$4,200.00"
1,1.0,", M5V 3X4, Toronto, ON","$2,300.00"
2,1.5,"M5V3X1, Canada","$2,300.00"
2,2.0,"8200 Birchmount Rd, Markham, ON L3R 9W1, Canada","$2,475.00"
1,1.0,"Boxford Cres, Mississauga, ON L5M 0P4, Canada","$1,750.00"
1,1.0,"8200 Birchmount Rd #316, Markham, ON L3R 9W1, Canada","$1,690.00"
1,1.0,"200 Jameson Avenue, Toronto, ON, M6K 2Z6","$1,849.00"
1,1.0,", Shelburne L9V3L7 ON, Canada","$1,300.00"
1,1.0,"480 King St W, Toronto, ON M5V 1L7, Canada","$2,200.00"
1,1.0,"37 Penhurst Ave, Etobicoke, ON M8Y 3A9, Canada","$1,450.00"
1,1.0,"Collingwood, Canada","$1,750.00"
1,1.0,"320 Richmond street east, M5A1P9, Toronto, ON","$2,450.00"
2,2.0,"Eva Rd, Etobicoke, ON, M9C 2A8","$2,200.00"
1,1.0,"20 THOMAS RILEY, M9B 0C3, Toronto, ON","$1,799.00"
1,1.0,"120 Bayview Ave, Toronto, ON M5A 0G4, Canada","$2,050.00"
1,1.0,"6210 Main Street, L4A 2S5, Main Street Stouffville, ON","$1,675.00"
1,1.0,"20 Minowan Miikan Lane, Toronto, ON M6J 1M3, Canada","$2,000.00"
1,1.0,"120 Homewood Ave, Toronto, ON, M4Y 2J3","$2,300.00"
3,2.0,"89 McGill Street, Toronto, ON, M5B 0B1","$3,200.00"
1,1.0,"628 Fleet St, Toronto, ON M5V 1A8, Canada","$2,200.00"
1,1.0,", Toronto M6K 1X1 ON, Canada","$1,900.00"
2,1.0,", Toronto  M5V3Z9 ON, Canada","$2,600.00"
2,1.0,"812 Lansdowne Ave, Toronto, ON M6H 4K5, Canada","$2,600.00"
1,1.0,"49 McCaul St, Toronto, ON M5T 1V7, Canada","$3,750.00"
2,1.0,"8 Simcoe St N, Oshawa, ON L1G 4R8, Canada","$1,250.00"
2,1.5,", NA M3N 1J2 ON, Canada","$1,300.00"
1,1.0,"8 The Esplanade, Toronto, ON M5E 0A6, Canada","$2,250.00"
1,1.0,", L1A 1N2, Port Hope, ON, Canada","$1,200.00"
1,1.0,"57 St Joseph St, Toronto, ON M5S 0C5, Canada","$2,300.00"
1,1.0,", Toronto m5s1x6 ON, Canada",$650.00
2,1.0,", Burlington L7S1H7 ON","$2,975.00"
1,1.0,", Toronto M5T2X5 ON, Canada","$2,000.00"
1,1.0,"80 Blue Jays Way, Toronto, ON M5V 2G3, Canada","$4,700.00"
1,1.0,"100 Harbour Street, M5J1B7, Toronto, ON","$2,550.00"
1,1.0,"1060 Sheppard Ave W, Toronto, ON M3J 0G7, Canada","$1,950.00"
2,2.0,"19 Grand Trunk Crescent, Toronto, ON M5J 3A3, Canada","$3,100.00"
2,2.0,"95 Wellington St, Bowmanville, ON L1C 5A1, Canada","$1,850.00"
1,2.0,"70 Distillery Lane, Toronto, ON M5A 0E3, Canada","$1,500.00"
1,1.0,"550 Jarvis Street Jarvis, Toronto, ON, M4Y 2H9","$1,480.00"
3,2.0,"Salvador Allende Ct, Toronto, ON, M6G 0A3","$4,625.00"
1,2.0,"2121 Lake Shore Blvd W, Etobicoke, ON M8V 4E9, Canada","$2,350.00"
1,1.0,"28 Wellesley St E, Toronto, ON M4Y, Canada","$2,100.00"
2,2.0,"90 Stadium Rd, Toronto, ON M5V 3W5, Canada","$3,300.00"
2,2.0,"1 The Esplanade, Toronto, ON M5E 0A8, Canada","$4,000.00"
1,1.0,", Toronto m5s 2z1 ON, Canada","$2,525.00"
1,1.0,"75 E Liberty St, Toronto, ON M6K 0A2, Canada","$2,100.00"
1,1.0,"20 King St E, Cobourg, ON K9A 1K7, Canada",$850.00
1,1.0,"350 Wellington St W, Toronto, ON M5V 3W9, Canada","$2,300.00"
2,2.0,"39 Upper Duke Crescent, Unionville, ON L6G 0B8, Canada","$2,450.00"
2,1.0,"23 Wyndham St, Toronto, ON M6K 1R8, Canada","$2,750.00"
1,1.0,"250 St. George St, Toronto, ON, M5R 3L8","$1,900.00"
1,1.0,"664 Bathurst St, Toronto, ON M5S 2R3, Canada","$1,700.00"
1,1.0,", Toronto m5r 3j2 ON, Canada","$2,450.00"
1,1.0,"75 St Nicholas St, Toronto, ON M4Y 0A5, Canada","$2,500.00"
2,1.0,"45 Lisgar St, Toronto, ON M6J 0B8, Canada","$2,800.00"
1,1.0,"269 Ontario St, Toronto, ON M5A 2V6, Canada","$1,380.00"
1,1.0,"15 Iceboat Terr, Toronto, ON M5V 4A5, Canada","$2,350.00"
1,1.0,"560 Front St W, Toronto, ON M5V 1C1, Canada",$850.00
2,2.0,"600 Fleet St, Toronto, ON M5V 1B7, Canada","$2,600.00"
1,1.0,", Toronto m5v1y9 ON, Canada","$2,300.00"
1,1.5,"50 Cordova Avenue, Etobicoke, ON, M9A 4X6","$1,550.00"
1,1.0,", toronto M4E1S5 ON, Canada","$1,600.00"
2,2.0,", Yonge and Maitland M4y3b5  ON, Canada","$2,600.00"
2,1.0,"99 McGill St, Toronto, ON M5B 1H5, Canada","$2,800.00"
1,1.0,"600 University Ave, Toronto, ON M5G 1X5, Canada","$1,750.00"
3,1.0,", m5t2m5, Toronto, ON, Canada","$3,600.00"
3,2.0,"14 York St, Toronto, ON M5J 0B1, Canada","$3,800.00"
2,2.0,"1103 Leslie St, North York, ON M3C 2J7, Canada","$2,400.00"
1,1.0,"Toronto, ON, Canada, M5J2Y5","$2,200.00"
2,2.0,"8 York St, Toronto, ON M5J 2Y2, Canada","$3,200.00"
2,1.0,"51 Nassau Street, L1J 4A3, Oshawa, ON","$1,300.00"
1,1.0,"85 Queens Wharf Rd, Toronto, ON M5V 0J9, Canada","$2,600.00"
3,3.0,", M4R1V2, Toronto, ON","$1,300.00"
2,2.0,"100 Harbour St, Toronto, ON M5J 1B7, Canada","$2,950.00"
2,1.0,"150 Sudbury St, Toronto, ON M6J 3S8, Canada","$2,400.00"
1,1.0,"18 Yorkville Ave, Toronto, ON M4W 2J1, Canada","$2,000.00"
1,1.0,"72 Carden St, Guelph, ON N1H 3A3, Canada",$975.00
2,1.0,"378 Kerr St, Oakville, ON L6K 3B8, Canada","$1,700.00"
2,2.0,", DOWNTOWN M5V2G4 ON, Canada","$2,500.00"
2,2.0,", NORTH YORK M2N0C2 ON, Canada","$2,350.00"
1,1.0,"55 Isabella St, Toronto, ON M4Y 1M8, Canada","$1,750.00"
2,1.0,"55 Isabella St, Toronto, ON M4Y 1M8, Canada","$2,850.00"
2,2.0,", L6K 3T1, Oakville, ON, Canada","$2,800.00"
1,1.0,"180 Enterprise Blvd, Markham, ON, L6G 1B3","$1,850.00"
2,2.0,"180 Enterprise Blvd, Markham, ON, L6G 0G4","$2,150.00"
1,1.0,", Toronto M5V 1J9 ON, Canada","$2,450.00"
1,1.0,"10 York St, Toronto, ON M5J 2L9, Canada","$2,150.00"
1,1.0,"Six50 King - Bathurst Tower, 95 Bathurst St, Toronto, ON M5V 2P9, Canada","$2,200.00"
1,1.0,"42 Charles St E, Toronto, ON M4Y 1T1, Canada","$2,400.00"
2,2.0,", Toronto M1T 1a8 ON, Canada","$2,500.00"
1,1.0,"426 University ave, M5G1S9, TORONTO, ON","$1,900.00"
1,1.0,"Richmond St E, Toronto, ON M5C 3H6, Canada","$1,975.00"
1,1.0,"Sussex Ave, Richmond Hill, ON L4C 2E8, Canada",$900.00
2,2.0,", Toronto m5v3m8 ON, Canada","$2,800.00"
1,1.0,"29 Queens Quay E, Toronto, ON M5E 0A4, Canada","$2,100.00"
2,2.0,"20 Atlantic Ave, Toronto, ON M6K 1X8, Canada","$2,000.00"
2,2.0,"460 Adelaide St East, M5A1N6, Toronto, ON","$2,775.00"
1,1.0,"68 Abell St, Toronto, ON M6J 0B1, Canada","$2,000.00"
2,1.0,", Toronto M5B 2K3 ON, Canada","$1,200.00"
1,1.0,"1190 Dundas Street East, Toronto M4M0C5 ON","$2,100.00"
1,1.0,"165 Legion Rd N, Etobicoke, ON M8Y 0B3, Canada","$2,100.00"
2,1.0,"L1H, Canada","$1,350.00"
2,1.0,"65 St Mary St, Toronto, ON M5S 0A6, Canada","$3,099.00"
2,2.0,"19 Swayne St, Cobourg, ON K9A 1K6, Canada","$1,200.00"
1,1.0,"85 Queen's Wharf Rd, Toronto, ON M5V 0J9, Canada","$2,600.00"
2,2.0,"50 Absolute Ave, Mississauga, ON L4Z 0A8, Canada","$2,299.00"
1,1.0,"170 Fort York Blvd, Toronto, ON M5V 0E6, Canada","$2,150.00"
1,1.0,"167 Church Street, Toronto, ON, M5B 1Y6","$1,930.00"
3,1.0,"295 Dufferin St., Toronto, ON, M6K 1Z6","$2,707.00"
1,1.0,"112 George Street, M5A 2M5, Toronto, ON","$2,500.00"
1,1.0,"81 Navy Wharf Ct, Toronto, ON M5V 3S2, Canada","$2,300.00"
2,2.0,"11 Peel Ave, Toronto, ON M6J 1M3, Canada","$2,000.00"
1,1.0,"17 Mill St E, Acton, ON L7J 1G8, Canada","$1,150.00"
2,1.0,"65 E Liberty St, Toronto, ON M6K, Canada","$2,699.00"
1,1.0,"20 Bruyeres Mews, Toronto, ON M5V 0G8, Canada","$2,400.00"
1,1.0,"60 S Town Centre Blvd, Markham, ON L6G 0C5, Canada","$1,800.00"
1,1.0,"8 The Esplanade 3003 Suite 3003, Toronto, ON M5E 0A6, Canada","$2,450.00"
1,1.0,"50 Cordova Avenue, Etobicoke, ON, M9A 4X6","$1,400.00"
2,2.0,"170 Bayview Avenue, Toronto M5A 0M4 ON","$4,000.00"
1,1.0,"88 Harbour St., M5J 0C3, Toronto, ON","$2,300.00"
1,1.0,", Toronro M4V 1N5 ON, Canada",$150.00
1,1.0,"Downtown, Toronto M5V1K1 ON, Canada","$1,900.00"
2,2.0,"Downtown, Toronto M5V1K1 ON, Canada","$2,500.00"
1,1.0,"101 Peter St, Toronto, ON M5V 0G6, Canada","$1,600.00"
2,2.0,"460 Adelaide St E, Toronto, ON M5A 1N4, Canada","$3,500.00"
1,1.0,"Toronto, ON M5G1R7, Canada","$1,700.00"
1,1.0,"215 Sherway Gardens Rd, Etobicoke M9C 0A4 ON","$2,100.00"
2,1.0,"Taunton Rd W, Oshawa, ON L1G 3T3, Canada","$1,500.00"
1,1.0,", Whitby L1m2g9 ON, Canada","$1,350.00"
1,1.0,"88 Bloor Street East, Toronto, ON, M4W 3G9","$1,699.00"
1,1.0,"144 Simcoe St, Toronto, ON M5H 3G4, Canada","$2,200.00"
1,1.0,", M5B 2E8, Toronto, ON","$1,700.00"
1,1.0,"40 Homewood Ave, m4y 2k2, Toronto, ON","$2,100.00"
1,1.0,"955 Bay St, Toronto, ON M5S 2A2, Canada","$2,000.00"
1,1.0,"99 Stadium Rd, Toronto, ON M5V 2Z7, Canada","$2,100.00"
2,2.0,"68 Shuter St, Toronto, ON M5B 1Y4, Canada","$2,990.00"
1,1.0,"8 Mercer St, Toronto, ON M5V 0C4, Canada","$1,900.00"
2,2.0,"68 Abell St, Toronto, ON M6J 0B1, Canada","$2,000.00"
3,1.0,"89 Concession St, Newmarket, ON L3Y 3W4, Canada","$1,900.00"
2,2.0,"100 Bond St E, Oshawa, ON L1G 0A2, Canada","$2,395.00"
2,2.0,"1 Atlantic Ave, Toronto, ON M6K 3E7, Canada","$2,000.00"
1,1.0,"21 Nelson St, Toronto, ON M5V 3H9, Canada","$2,250.00"
1,1.0,"2900 Highway 7 Ave W, Vaughan, ON, L4K 0G3","$1,850.00"
1,1.0,"25 Bedford Rd., Toronto, ON, M5R 1A9","$1,760.00"
2,2.0,"168 Simcoe St, Toronto, ON M5H 4C9, Canada","$3,600.00"
2,2.0,"323 Richmond St E, Toronto, ON M5A 4S8, Canada","$2,950.00"
2,1.0,"Main St E, Milton, ON, Canada","$2,000.00"
1,2.0,"10 Capreol Court  Unit # 321, M5V 4B3, Toronto, ON","$2,500.00"
1,1.0,"8 Wellesley St E, Toronto, ON M4Y 3B2, Canada",$99.00
2,1.0,"902 Ossington Ave, Toronto, ON M6G 3V1, Canada","$2,400.00"
1,1.0,"12 Yonge St, Toronto, ON M5E 1Z9, Canada","$2,250.00"
1,1.0,"126 Simcoe St, Toronto, ON M5V 0H5, Canada","$2,350.00"
2,2.0,"17 Kenaston Gardens, North York, ON M2K 0B9, Canada","$2,650.00"
2,2.0,"44 Gerrard St W, Toronto, ON M5G 2K2, Canada","$2,950.00"
1,1.0,"33 Davisville Avenue, Toronto, ON, M4S 2Y9","$2,800.00"
1,1.0,"88 Isabella Street, Toronto, ON, M4Y 1N4","$1,850.00"
1,1.0,"505 Locust Street, Burlington, ON, L7S 1X6","$1,750.00"
1,1.0,"270 Queens Quay W, Toronto, ON M5V 3A7, Canada","$2,600.00"
2,2.0,"16 Brookers Ln, Etobicoke, ON M8V 0A5, Canada","$3,000.00"
1,1.0,"M1N, Canada","$1,200.00"
2,2.0,"20 Bruyeres Mews, Toronto, ON M5V 0G8, Canada","$3,500.00"
2,2.0,"70 Temperance St, M5H4E8, Toronto, ON","$3,000.00"
1,1.0,"Burnhamthorpe Rd W, Mississauga, ON L5B 3R2, Canada","$2,000.00"
1,1.0,"2050 Prospect St, Burlington, ON L7R 1Y9, Canada","$1,275.00"
2,1.0,"700 Ross st, L7S 1S2, Burlington, ON","$1,600.00"
1,1.0,"29 Camden St #602, Toronto, ON M5V 3N3, Canada","$2,900.00"
1,1.0,", Toronto M5V0P3 ON, Canada","$2,000.00"
1,2.0,"Euclid Ave, Toronto, ON, Canada",$65.00
1,1.0,"146 Scarborough Rd, Toronto, ON M4E 3M6, Canada","$1,300.00"
1,2.0,"4800 Hwy 7, Woodbridge, ON L4L 1H7, Canada","$1,900.00"
1,1.0,"3 Magani Ave, Bradford, ON L3Z 2S9, Canada","$1,000.00"
1,1.0,"250 Fort York Blvd, Toronto, ON M5V 3K9, Canada","$1,900.00"
1,1.0,"120 Church St, Toronto, ON M5C 2G8, Canada","$2,300.00"
1,1.0,"17 Dundonald St, Toronto, ON M4Y 1K3, Canada","$2,100.00"
2,1.0,"332 George St, Cobourg, ON K9A 3M1, Canada","$1,450.00"
1,1.0,"365 Victoria St, Toronto, ON M5B 1W1, Canada","$1,800.00"
1,1.0,"120 Jameson Ave, Toronto, ON M6K 2Y1, Canada","$1,595.00"
3,3.0,"1353 Davenport Rd, Toronto, ON M6H 2H5, Canada","$2,500.00"
2,2.0,"386 Yonge St, Toronto, ON M5G 2K2, Canada","$2,100.00"
1,1.0,"500 Sherbourne St, Toronto, ON M4X 1L1, Canada","$2,600.00"
2,2.0,"770 Bay St, Toronto, ON M5G 0A6, Canada","$2,950.00"
2,2.0,"25 Cole St, Toronto, ON M5A 4M7, Canada","$2,800.00"
1,1.0,"101 charles St E, TORONTO M4Y0A9 ON","$1,850.00"
2,2.0,"37 King St E, Toronto, ON M5C, Canada","$3,400.00"
2,2.0,"101 Charles St, Toronto, ON, M4Y 1V2","$3,100.00"
2,1.0,"1275 Elgin Street, Burlington, ON, L7S 1E2","$1,600.00"
1,1.0,"4011 Brickstone Mews, Mississauga, ON L5B 0J7, Canada","$2,050.00"
2,2.0,"1460 Ghent Ave, Burlington, ON L7S 1W8, Canada","$1,532.00"
1,1.0,"2210 Lakeshore Rd, Burlington, ON L7R 4J9, Canada","$2,195.00"
1,1.0,"21 Iceboat Terr, Toronto, ON M5V 4A9, Canada","$2,150.00"
1,1.0,"180 university Ave, M5H 0A3, TORONTO, ON","$4,000.00"
2,3.0,"180 University Ave, Toronto, ON M5H 0A2, Canada","$6,500.00"
1,1.0,", Toronto M4C 5N3 ON, Canada",$800.00
1,1.0,"290 Adelaide St W, Toronto, ON M5V 1P6, Canada","$3,300.00"
1,1.0,"8130 Birchmount Rd, Markham, ON L6G 0E4, Canada","$1,800.00"
2,1.0,"560 Bloor St E, Oshawa, ON L1H 3N2, Canada","$1,000.00"
1,1.0,"18 Yonge St, Toronto, ON M5E 1Z8, Canada","$2,200.00"
3,1.0,"2386  New Street, Burlington, ON, L7R 1J7","$2,349.00"
1,1.0,"55 Bremner Blvd, Toronto, ON M5J 0A6, Canada","$2,300.00"
2,2.0,"Water Walk Dr, Markham, ON L3R, Canada","$2,500.00"
1,1.0,", Toronto M5J 2L7 ON, Canada","$1,500.00"
1,1.0,"14 York St, M5J2Z2, Toronto, ON","$2,050.00"
2,2.0,"625 King St W, Toronto, ON M5V 1M5, Canada","$2,800.00"
3,2.5,"373 D'Arcy St, Cobourg, ON K9A 4A6, Canada","$1,800.00"
1,1.0,"285 King St W, Cobourg, ON K9A 2N4, Canada","$1,050.00"
2,2.0,"121 Allan St, Oakville, ON L6J 3N3, Canada","$2,200.00"
1,1.0,"26 Victoria Square, Colborne, ON K0K 1S0, Canada","$1,000.00"
1,1.0,"15 Dundonald St, Toronto, ON M4Y 1K4, Canada","$1,860.00"
3,2.0,"l6x1k5, Canada","$1,900.00"
2,3.0,"210 Victoria St #400, Toronto, ON M5B 2R3, Canada","$2,800.00"
1,1.0,"154 Bathurst, Toronto M5V 2R3 ON","$1,800.00"
3,1.0,"89 McGill Street, Toronto, ON, M5B 0B1","$3,200.00"
2,1.0,"70 Queens Wharf Rd, Toronto, ON M5V 0J2, Canada","$2,800.00"
1,1.0,", Toronto M5V3P5 ON, Canada","$3,000.00"
1,1.0,"2170 Lakeshore Road, Burlington, ON, L7R 1A5","$1,425.00"
2,1.0,", Toronto M5H 2N2 ON, Canada","$2,200.00"
1,1.0,", Toronto M6h 2z5 ON, Canada","$1,650.00"
1,1.0,", M5N1z1, Toronto, ON",$900.00
1,1.0,"60 Annie Craig, M8V1A1, Toronto, ON","$2,200.00"
1,1.0,"1030 King Street west, toronto M6K 0B4 ON","$2,350.00"
1,1.0,"629 King St W, Toronto, ON M5V 0G9, Canada","$1,900.00"
1,1.0,"10 Capreol Ct, Toronto, ON M5V 4B3, Canada","$2,200.00"
1,1.0,"10157 yonge st, Richmond hill L4C1T5 ON","$1,300.00"
2,2.0,"8 Telegram Mews, Toronto, ON M5V 3Z5, Canada","$3,130.00"
1,1.0,", Toronto L6a4y1 ON, Canada","$2,000.00"
2,2.0,"5 Hanna Ave, Toronto, ON M6K 0B3, Canada","$2,500.00"
1,1.0,", Toronto  M5A4S3 ON, Canada","$1,500.00"
1,1.0,"125 Railroad St, Brampton, ON, L6X 1H1","$1,025.00"
1,1.0,"10 Navy Wharf Ct, Toronto, ON M5V 3V2, Canada","$2,550.00"
1,1.0,"12 York Street, M5J 2Z2, Toronto, ON","$3,300.00"
1,1.0,"565 Sherbourne St, Toronto, ON M4X 1W7, Canada","$1,450.00"
1,1.0,"17 Dundonald St., M4Y 1K3, Toronto, ON","$2,680.00"
1,1.0,"Adelaide St E, Toronto, ON, Canada, M5A 1N4","$2,300.00"
2,1.0,"14 York St, Toronto, ON M5J 0B1, Canada","$2,600.00"
1,1.0,", Toronto M8V 1M4 ON, Canada","$1,000.00"
2,1.0,"M5V1E7, Canada","$1,700.00"
2,2.0,"215 Fort York Blvd, Toronto, ON M5V 4A2, Canada","$2,800.00"
1,1.0,"33 Shore Breeze Drive, Etobicoke, ON M8V 1A1, Canada","$2,100.00"
1,1.0,", Toronto M5v3z5 ON, Canada","$1,600.00"
3,3.0,"10 Glen Rd, Toronto, ON, M4X 1M5","$4,500.00"
1,1.0,", Toronto Downtown M5T 1M9 ON, Canada","$1,200.00"
2,1.0,"l6x1k5, Canada","$1,450.00"
1,1.0,"20 Blue Jays Way, M5V 3W6, TORONTO, ON","$2,400.00"
1,1.0,", Markham L3P1N3 ON, Canada","$1,750.00"
1,2.0,"120 Bayview Ave, Toronto, ON M5A 0G4, Canada","$2,350.00"
3,1.5,"1275 Elgin Street, Burlington, ON, L7S 1E2","$1,850.00"
1,1.0,"40 Homewood Ave, Toronto, ON M4Y 2K2, Canada","$1,700.00"
1,1.0,"20 Blue Jays Way, M5V3W6, Toronto, ON","$2,400.00"
1,1.5,"36 Blue Jays Way, Toronto, ON M5V 3T3, Canada","$2,650.00"
1,1.0,"Toronto, ON M5R3H3, Canada","$1,100.00"
1,1.0,"328 Bayview Ave, Toronto, ON M5A 3R4, Canada","$1,600.00"
2,2.0,"5 St. Joseph, M4Y0B6, Toronto, ON","$3,200.00"
3,1.0,"36 Richmond St E, Oshawa, ON L1G 1E5, Canada","$1,650.00"
2,1.0,", TORONTO  M4T 1P3 ON, Canada","$36,900.00"
1,1.0,", Toronto M5V 2P1 ON, Canada","$2,100.00"
2,1.0,", Toronto m5a0j3 ON, Canada","$2,000.00"
1,1.0,"25 Capreol Ct, Toronto, ON M5V 3Z7, Canada","$1,950.00"
3,2.0,", toronto M5V 3z4 ON, Canada","$6,000.00"
1,1.0,"36 Lisgar St, Toronto, ON M6J 0A9, Canada",$850.00
1,1.0,"65 May St, Toronto, ON M4W 2X9, Canada","$2,350.00"
2,1.0,"123 Bloor St W, Oshawa, ON L1J 1P5, Canada","$1,295.00"
1,1.0,"Toronto, ON M6H 3E8, Canada",$935.00
1,1.0,"150 East Liberty, M6K3R5, Toronto, ON","$2,200.00"
3,2.0,", M1L0B3, Toronto, ON","$1,700.00"
1,1.0,", Toronto M5A3X2 ON, Canada","$1,650.00"
2,2.0,"Bay St, Toronto, ON, Canada","$1,500.00"
1,1.0,", Toronto M5B2M2 ON, Canada","$2,000.00"
1,1.0,"62 Suncrest Blvd, Thornhill, ON L3T 7Y1, Canada","$1,700.00"
2,1.5,"633 Bay St, Toronto, ON M5G 2G4, Canada","$3,000.00"
2,2.0,"399 Adelaide St W, Toronto, ON M5V 1S1, Canada","$3,950.00"
2,1.0,"1280 Rue Saint-Marc, Montréal, QC H3H 2G1, Canada","$1,475.00"
1,1.0,", Toronto  M5R 1B7 ON, Canada","$3,620.00"
1,1.0,", Toronto M6H 3J6 ON, Canada","$1,600.00"
1,1.0,"Tom Riley Park, 3216 Bloor St W, Etobicoke, ON M8X 1Z4, Canada","$1,950.00"
2,2.0,"120 Bayview Ave, Toronto, ON M5A 0G4, Canada","$2,800.00"
1,1.0,", Toronto M5E 0B7 ON, Canada","$1,900.00"
1,1.0,"Victoria St, Toronto, ON M5B 2R3, Canada","$1,980.00"
1,1.0,", Toronto M5B 2K3 ON, Canada",$800.00
1,1.0,"1089 Dovercourt Rd, Toronto, ON M6H 2X7, Canada","$1,509.00"
2,2.5,"311 Bay St, Toronto, ON M5H 4G5, Canada","$9,750.00"
1,1.0,"21 widmer, M5V2E8, toronto, ON","$2,500.00"
1,1.0,"290 Adelaide street west, toronto M5V1P6 ON","$2,200.00"
1,1.0,"38 Western Battery Rd, Toronto, ON M6K 3P1, Canada","$1,700.00"
2,1.0,", L7S 1H7, Burlington, ON","$2,500.00"
1,2.0,"225 Sackville St, Toronto, ON M5A 0B9, Canada","$2,475.00"
1,1.0,"25 Lower Simcoe St, Toronto, ON M5J 3A1, Canada","$2,400.00"
1,1.0,"70 Princeton Ave, M4B2R6, EAST YORK, ON","$1,200.00"
1,1.0,", Toronto M5H 4C7 ON, Canada","$1,600.00"
3,2.0,"L4K 0G3, Canada","$2,000.00"
2,2.0,"85 Queens Wharf road, M5V0J9, Toronto, ON","$3,200.00"
2,1.0,"120 Homewood Ave, Toronto, ON M4Y 1J4, Canada","$2,699.00"
2,1.0,"205 Sherway Gardens Rd, Etobicoke, ON M9C 0A5, Canada","$2,300.00"
1,1.0,"Toronto, M5R 2L6, Toronto, ON, Canada","$1,800.00"
1,1.0,"210 Victoria St, Toronto, ON M5B 2R3, Canada","$2,250.00"
2,2.0,"1080 Bay St, Toronto, ON M5S 0A5, Canada","$3,500.00"
2,1.0,"88 Harbour St, Toronto, ON M5J 0C3, Canada","$2,600.00"
1,1.0,", North York M2N6Z9 ON, Canada","$1,700.00"
2,2.0,", TORONTO M4Y 3B2 ON, Canada","$3,300.00"
1,1.0,"150 Elizabeth St, Toronto, ON M5G 0A9, Canada","$1,550.00"
1,1.0,"M5T3J9, Canada","$2,400.00"
2,2.0,"21 Upper Duke Crescent, Unionville, ON L6G 0B6, Canada","$2,300.00"
1,1.0,"25 Telegram Mews, Toronto, ON M5V 3Z1, Canada","$2,200.00"
1,1.0,", North York M2M 4M2 ON, Canada","$1,600.00"
3,1.0,"Harris, whitby L1H 2l7 ON, Canada","$1,550.00"
1,1.0,", Markham, ON, Canada","$2,000.00"
1,1.0,"Markham, ON L3R9W1","$1,900.00"
1,1.0,"1235 Bayly Street, Pickering l1w 1l7 ON","$1,700.00"
1,1.0,"5 Mariner Terrace, Toronto, ON M5V 3V6, Canada","$2,200.00"
1,1.5,"3600 Av du Parc, Montréal, QC H2X 2J1, Canada","$1,953.00"
2,2.0,"8 Mercer St, Toronto, ON M5V 0C4, Canada","$3,050.00"
2,1.5,", M5V 1R4, Toronto, ON","$1,200.00"
1,1.0,", toronto m4b2z5 ON, Canada",$700.00
1,1.0,"10 York St, Toronto, ON M5J 0E1, Canada","$2,450.00"
1,1.0,", Toronto  M5a3x2  ON, Canada","$1,500.00"
1,1.0,", Toronto M6N 3G8 ON, Canada","$1,000.00"
1,1.0,"297 College Street, M5T 1S2, Toronto, ON","$2,050.00"
1,1.0,"33 Harbour Square, Toronto, ON M5J 2G4, Canada","$2,400.00"
1,1.0,"4k Spadina - NEO building, M5V3Y9, 4k Spadina Ave, ON","$1,900.00"
2,2.0,", Toronto M5E 1W5 ON","$1,500.00"
1,1.0,", Downtoen Toronto M5V0c8 ON, Canada","$1,900.00"
1,2.0,"253 College St #253, Toronto, ON M5T 1R5, Canada","$1,850.00"
1,1.0,"M5S, Canada","$1,000.00"
1,1.0,"John St &amp; King St W, Toronto, ON M5V 0C4, Canada","$3,600.00"
1,1.0,"30 Nelson St, Toronto, ON M5V 0H5, Canada","$2,200.00"
1,1.0,"21 Grand Magazine St, Toronto, ON M5V 1B5, Canada","$1,800.00"
2,2.0,"18 Yonge St, M5E1Z8, TORONTO, ON","$3,000.00"
2,2.0,"10 York St, Toronto, ON M5J 2L9, Canada","$3,150.00"
1,1.0,", toronto M5V 1J1 ON, Canada","$1,350.00"
2,2.0,"39 Queens Quay E, Toronto, ON M5E 0A5, Canada","$3,250.00"
2,2.0,"1270 Maple Crossing Blvd, Burlington, ON L7S 2J3, Canada","$2,000.00"
1,2.0,"8081 Birchmount Rd, Markham, ON L6G 1B3, Canada","$1,800.00"
1,1.0,"5 Rose Ave, Toronto, ON M4X 1N6, Canada","$2,100.00"
1,1.0,"310 Dundas St, London, ON N6B 3R6, Canada","$1,235.00"
1,1.0,", Toronto M5T 2N7 ON, Canada","$1,050.00"
1,1.0,", Toronto M6k1z4 ON, Canada","$1,300.00"
1,1.0,", Toronto M4j1l7 ON, Canada","$1,275.00"
1,1.0,", Toronto M5c2h4 ON, Canada","$1,000.00"
1,1.0,"127 Queen St E, Toronto, ON M5C 1S1, Canada","$2,100.00"
1,1.0,"M4Y0C4, Canada","$1,830.00"
1,1.0,"7 Dempster St, Scarborough, ON M1T 2T3, Canada","$1,200.00"
1,1.0,"University Ave, Toronto, ON M5G 1S9, Canada","$2,100.00"
2,1.5,"8 The Esplanade, Toronto, ON M5E 0A6, Canada","$2,600.00"
1,1.0,"Brant St, Toronto, ON M5V, Canada","$2,175.00"
2,2.0,", toronto m9w 1z8 ON, Canada","$1,800.00"
2,2.0,"30 Nelson St, Toronto, ON M5V 0H5, Canada","$4,500.00"
1,1.0,"353 Queen St W, Toronto, ON M5V 2A4, Canada","$2,000.00"
1,1.0,", Toronto M5V0J3 ON, Canada","$2,175.00"
1,1.0,"4 K Spadina Ave, Toronto, ON M5V 3Z9, Canada","$1,900.00"
1,1.5,"38 Dan Leckie Way, Toronto, ON M5V 2V6, Canada","$2,400.00"
1,1.0,"25 Stafford St, Toronto, ON M5V 0G3, Canada","$2,100.00"
1,1.0,", Toronto m5v3a6 ON, Canada","$2,100.00"
1,1.0,"40 Alexander St, Toronto, ON M4Y 1B5, Canada","$1,725.00"
2,2.0,"920 5 Ave SW, Calgary, AB T2P 5P6, Canada","$2,500.00"
1,1.0,"44 Huntley St, Toronto, ON M4Y 2L1, Canada","$1,200.00"
3,3.0,"397 Front St W, Toronto, ON M5V 3S1, Canada","$4,900.00"
1,1.0,"608 Richmond St W, Toronto, ON M5V 1Y9, Canada","$2,150.00"
2,1.0,", Toronto M4C2M4 ON, Canada","$2,000.00"
1,1.0,", Toronto M5B1Y6 ON, Canada","$1,700.00"
2,1.0,"Bathurst St, Toronto, ON M5S 2P9, Canada",$600.00
2,1.0,"M5V, Canada","$3,200.00"
1,1.0,"Dundas St W #401, Toronto, ON M6R 1X7, Canada","$1,400.00"
1,1.0,"Bloor and Parliament Street, M4X1R3, Toronto, ON, Canada","$2,800.00"
2,1.0,"M9B 1B3, Canada","$2,400.00"
2,1.0,", Toronto M5T 0A9 ON, Canada","$3,700.00"
1,1.0,"3 Navy Wharf Ct, Toronto, ON M5V 3V1, Canada","$2,500.00"
1,1.0,"38 Elm St, Toronto, ON M5G 2K5, Canada","$2,300.00"
2,2.0,"54 Alanson St, Hamilton, ON L8N 1W5, Canada","$1,950.00"
1,1.0,"Downtown, Toronto, ON, Canada, M5X1K6",$900.00
1,1.0,"365 Church Street, M5B 1Z9, Toronto, ON","$1,800.00"
3,2.0,"225 Mutual St, Toronto, ON M5B 2B4, Canada","$3,999.00"
3,1.0,"30 Leitch Ave, North York, ON M3J 3P2, Canada","$2,500.00"
1,1.0,"155 Wellington St W, Toronto, ON M5V 3K7, Canada","$2,000.00"
1,1.0,"39 Brant St, Toronto, ON M5V 1S7, Canada","$2,500.00"
2,2.0,"21 Carlton St, Toronto, ON M5B 1L3, Canada","$2,800.00"
1,1.0,"L6Z3M4, Canada",$900.00
1,1.0,"426 University Ave, Toronto, ON M5G 1S9, Canada","$2,100.00"
1,1.0,", Downtown Toronto M5C 2V9 ON, Canada","$1,400.00"
1,1.0,"Dan Leckie Way, Toronto, ON M5V, Canada","$2,000.00"
1,1.0,"168 Simcoe St, Toronto, ON M5H 4C9, Canada","$3,200.00"
1,1.0,"200 Bay St, Toronto, ON M5J 2T6, Canada","$1,000.00"
2,2.0,"435 Richmond St W, Toronto, ON M5V 1X9, Canada","$2,850.00"
1,1.0,", Toronto M4B 1B3 ON","$1,000.00"
1,1.0,"375 King St W, Toronto, ON M5V 1K1, Canada","$2,400.00"
2,2.0,"88 Park Lawn Rd, Etobicoke, ON M8Y 0B6, Canada","$2,350.00"
2,1.0,"355 South Park Rd, Thornhill, ON L3T 7W2, Canada","$2,300.00"
1,1.0,"L6A0C6, Canada","$2,400.00"
1,1.5,"99 McGill St, Toronto, ON M5B 1H5, Canada","$2,300.00"
1,1.0,"7 King St E, Toronto, ON M5C 3C5, Canada","$2,500.00"
2,1.0,"M5R3A3, Canada","$1,500.00"
1,1.0,"5365 Dundas St W, Etobicoke, ON M9B 1B1, Canada","$1,800.00"
2,2.0,", toronto m1m4j3 ON, Canada","$1,750.00"
1,1.0,"King St E, Toronto, ON M5A 1L4, Canada","$1,000.00"
1,1.5,"38 Dan Leckie Way, Toronto, ON M5V 4B2, Canada","$2,400.00"
1,1.0,"Queens Quay E, Toronto, ON M5A 1B4, Canada","$4,000.00"
1,1.0,", toronto m5b 2m3 ON, Canada","$1,600.00"
1,1.0,"8 York St, Toronto, ON M5J 2Y2, Canada","$4,000.00"
3,2.0,"21 Widmer St, Toronto, ON M5V 0B8, Canada","$8,000.00"
1,1.0,"1235 Bayly St, Pickering, ON L1W 1L7, Canada","$1,700.00"
1,1.0,"140 Kingston Rd #301, Toronto, ON M4L 1S7, Canada",$950.00
1,1.0,", M5A 2V3, Toronto, ON",$700.00
1,1.0,"39 Queens Quay E, Toronto, ON M5E 0A5, Canada","$2,700.00"
1,1.0,", Toronto M5G 1B1 ON",$700.00
1,2.0,"38 Cedarland Dr, Markham, ON L6G 1E3, Canada","$1,900.00"
2,2.0,", M9B 1B1, Etobicoke, ON","$2,500.00"
1,1.0,"Dundas &amp; Shuter, M5B2R3, Toronto, ON","$1,650.00"
1,1.0,", Toronto M5S1H8  ON, Canada","$1,000.00"
1,1.0,"Maud St, Toronto, ON M5V 2M5, Canada","$1,199.00"
1,1.0,"M4Y1T1, Canada","$1,500.00"
2,1.5,"12 York St, Toronto, ON M5J 2Z2, Canada","$3,200.00"
1,1.0,"195 Wynford Dr, North York, ON M3C 3P3, Canada",$300.00
2,1.0,"1384 Bathurst St, Toronto, ON M5R 3J1, Canada","$2,100.00"
1,1.0,", Toronto M5G 2R3 ON, Canada","$1,600.00"
1,1.0,", Toronto M5j 0B1 ON, Canada","$1,950.00"
1,1.0,", Mississauga L5B3Z4 ON, Canada","$1,950.00"
2,2.0,"55 Regent Park Blvd, M5A2B7, Toronto, ON","$2,600.00"
1,1.0,", TORONTO M5G 2K2 ON, Canada","$2,000.00"
2,2.0,"435 Richmond St West, M5V 0N3, Toronto, ON","$3,000.00"
3,2.0,"Maple Crossing Blvd, Burlington, ON L7S 2J3, Canada","$2,400.00"
3,1.0,", L7S 1R7, Burlington, ON","$3,000.00"
1,1.0,", oakville L6M3V5 ON, Canada","$1,200.00"
1,1.0,"Upper Beaches, Toronto, ON, Canada, M4C 1B4","$1,800.00"
2,1.0,", Toronto M5B 2L7 ON, Canada","$2,200.00"
1,1.0,"561 Sherbourne St, Toronto, ON M4X 0A1, Canada","$2,150.00"
